,variable,relative_importance,scaled_importance,percentage
0,value,1.0,1.0,0.204268051534
1,trend,0.917661547661,0.917661547661,0.187448936308
2,seasonality1,0.698538482189,0.698538482189,0.142689094678
3,seasonality3,0.621643781662,0.621643781662,0.126981964028
4,seasonality2,0.593429982662,0.593429982662,0.12121878628
5,changepoint,0.566249191761,0.566249191761,0.115666619083
6,noise,0.498005181551,0.498005181551,0.101726548089
