,variable,relative_importance,scaled_importance,percentage
0,value,1.0,1.0,0.21261353576
1,trend,0.915243387222,0.915243387222,0.194593132638
2,seasonality1,0.678382992744,0.678382992744,0.144233406687
3,seasonality3,0.581716358662,0.581716358662,0.123680771824
4,seasonality2,0.579092502594,0.579092502594,0.123122904509
5,changepoint,0.491279244423,0.491279244423,0.104452617202
6,noise,0.457654923201,0.457654923201,0.0973036313796
