,variable,relative_importance,scaled_importance,percentage
0,value,1.0,1.0,0.260752082973
1,trend,0.970071852207,0.970071852207,0.252948256096
2,seasonality1,0.581243336201,0.581243336201,0.151560410628
3,seasonality3,0.539006888866,0.539006888866,0.140547169009
4,seasonality2,0.402202129364,0.402202129364,0.104875043008
5,noise,0.342536240816,0.342536240816,0.0893170382864
